Algorithm,Silhouette Score,Davies-Bouldin Index
DBSCAN,0.4532609264677288,0.6842001261911501
KMeans,0.24385177863524918,1.5504969941249804
